<addons>
  <addon id="script.module.horus"
         name="Horus"
         version="1.1.9"
         provider-name="ard1ya">
    <extension point="xbmc.python.module" />
    <extension point="xbmc.addon.metadata">
      <summary lang="es">Módulo Horus para Kodi</summary>
      <description lang="es">Proporciona funcionalidades de Horus para otros addons de Kodi.</description>
      <platform>all</platform>
    </extension>
  </addon>

  <addon id="script.module.resolveurl"
         name="ResolveURL"
         version="5.1.148"
         provider-name="ard1ya">
    <extension point="xbmc.python.module" />
    <extension point="xbmc.addon.metadata">
      <summary lang="es">Módulo ResolveURL para Kodi</summary>
      <description lang="es">Permite la resolución de enlaces multimedia desde diversos hosts.</description>
      <platform>all</platform>
    </extension>
  </addon>
</addons>
